{"options":{},"indexes":[{"v":{"$numberInt":"2"},"key":{"_id":{"$numberInt":"1"}},"name":"_id_","ns":"schoolBot.emoji"},{"v":{"$numberInt":"2"},"key":{"name":{"$numberInt":"1"}},"name":"name","ns":"schoolBot.emoji","background":false},{"v":{"$numberInt":"2"},"key":{"value":{"$numberInt":"1"}},"name":"value","ns":"schoolBot.emoji","background":false},{"v":{"$numberInt":"2"},"key":{"utility":{"$numberInt":"1"}},"name":"utility","ns":"schoolBot.emoji","background":false}],"uuid":"56cbf2c9038a412d9d57151dc0e3cb5f"}